timestamp,datetime,symbol,open,high,low,close,volume,roc8,ema7,vwma17,macd_line,macd_signal
1749735000000,2025-06-12 09:30:00,TSLA,0.003095256519384,0.0030781543386585,0.0030981813675372,0.0030920503385795,759956,,,,,
1749735060000,2025-06-12 09:31:00,TSLA,0.0030930067118245,0.0030738029305022,0.0030932937391734,0.0030834695199037,388945,,,,,
1749735120000,2025-06-12 09:32:00,TSLA,0.0030835646006783,0.0030783438510081,0.0030873573949619,0.0030861339999382,315716,,,,,
1749735180000,2025-06-12 09:33:00,TSLA,0.0030864197530864,0.0030744635061181,0.003088326127239,0.0030830826016407,399144,,,,,
1749735240000,2025-06-12 09:34:00,TSLA,0.0030831843127582,0.0030795762503079,0.0030921459492888,0.0030902319929864,283150,,,,,
1749735300000,2025-06-12 09:35:00,TSLA,0.0030899483978617,0.0030858482996975,0.0030963586821897,0.0030890893364636,341565,,,,,
1749735360000,2025-06-12 09:36:00,TSLA,0.0030890893364636,0.0030807147258163,0.0030912856657083,0.0030807147258163,282133,,,,,
1749735420000,2025-06-12 09:37:00,TSLA,0.0030809045535769,0.0030646728722206,0.0030844205915918,0.0030662619200932,554265,,,,,
1749735480000,2025-06-12 09:38:00,TSLA,0.0030667791152342,0.0030543677458766,0.0030695561421818,0.0030560946166893,551729,,,,,
1749735540000,2025-06-12 09:39:00,TSLA,0.0030560479188313,0.0030487804878048,0.0030595074193054,0.003050314945018,475223,,,,,
1749735600000,2025-06-12 09:40:00,TSLA,0.0030508267740557,0.0030389594602808,0.0030523167083816,0.0030412700343663,595892,,,,,
1749735660000,2025-06-12 09:41:00,TSLA,0.0030409065793967,0.0030362577758561,0.0030420092349316,0.0030404378230465,480603,,,,,
1749735720000,2025-06-12 09:42:00,TSLA,0.0030407151762094,0.0030398841925717,0.0030487804878048,0.0030442317744126,434951,,,,,
1749735780000,2025-06-12 09:43:00,TSLA,0.0030446034404018,0.0030434914934412,0.0030521247977204,0.0030509198523354,299569,,,,,
1749735840000,2025-06-12 09:44:00,TSLA,0.0030511050950098,0.0030495298539824,0.0030591330416959,0.003052875809012,459425,,,,,
1749735900000,2025-06-12 09:45:00,TSLA,0.0030529690123645,0.0030517699197415,0.0030659798871719,0.0030632562413845,389819,,,,,
1749735960000,2025-06-12 09:46:00,TSLA,0.0030633500796471,0.0030577299412915,0.0030667320902845,0.0030640221295934,321381,,,,,
1749736020000,2025-06-12 09:47:00,TSLA,0.0030638193572106,0.0030610058465211,0.0030674846625766,0.0030648522741203,298475,,,,,
1749736080000,2025-06-12 09:48:00,TSLA,0.0030648522741203,0.0030626182936315,0.0030753144509026,0.0030723854000245,374670,,,,,
1749736140000,2025-06-12 09:49:00,TSLA,0.0030724797984453,0.003065415976948,0.0030778606406259,0.0030669672294551,427931,,,,,
1749736200000,2025-06-12 09:50:00,TSLA,0.0030672964848782,0.003064946210194,0.0030714417347502,0.0030674846625766,236763,,,,,
1749736260000,2025-06-12 09:51:00,TSLA,0.0030669756951377,0.0030551142612733,0.0030680493342332,0.0030608175259962,472560,,,,,
1749736320000,2025-06-12 09:52:00,TSLA,0.0030598023061729,0.0030572662658794,0.0030616543710627,0.003059900614428,242891,,,,,
1749736380000,2025-06-12 09:53:00,TSLA,0.0030594606170932,0.0030589561801468,0.0030694619233248,0.00306790814683,278261,,,,,
1749736440000,2025-06-12 09:54:00,TSLA,0.0030682197176685,0.0030673905708413,0.0030731407498463,0.0030702158361732,187384,,,,,
1749736500000,2025-06-12 09:55:00,TSLA,0.0030704043722558,0.0030657918940462,0.0030778701138811,0.0030751253113564,254559,,,,,
1749736560000,2025-06-12 09:56:00,TSLA,0.0030753144509026,0.0030676728633658,0.0030760712418099,0.0030703808039792,201351,,,,,
1749736620000,2025-06-12 09:57:00,TSLA,0.0030709493717144,0.0030669201987364,0.0030736130321192,0.003071253071253,177899,,,,,
1749736680000,2025-06-12 09:58:00,TSLA,0.0030715360751912,0.0030693677102516,0.0030742744712247,0.0030701215768144,149067,,,,,
1749736740000,2025-06-12 09:59:00,TSLA,0.0030701215768144,0.0030609233948823,0.0030719134949159,0.003064664419246,249761,,,,,
1749736800000,2025-06-12 10:00:00,TSLA,0.0030644765873988,0.0030596946424746,0.0030697445972495,0.0030679552078539,237129,,,,,
1749736860000,2025-06-12 10:01:00,TSLA,0.0030679552078539,0.0030656979061283,0.0030721966205837,0.0030709701194607,167057,,,,,
1749736920000,2025-06-12 10:02:00,TSLA,0.0030706985347854,0.0030695608532765,0.003080145382862,0.0030796710911274,270065,,,,,
1749736980000,2025-06-12 10:03:00,TSLA,0.0030796710911274,0.0030753144509026,0.0030852761059866,0.003081759068076,377214,,,,,
1749737040000,2025-06-12 10:04:00,TSLA,0.0030818540433925,0.0030760712418099,0.0030834695199037,0.0030773018217626,248248,,,,,
1749737100000,2025-06-12 10:05:00,TSLA,0.0030761658668635,0.0030713568333082,0.0030811893390848,0.0030779250599118,232085,,,,,
1749737160000,2025-06-12 10:06:00,TSLA,0.0030782310883486,0.0030723854000245,0.0030787229457221,0.0030724797984453,157639,,,,,
1749737220000,2025-06-12 10:07:00,TSLA,0.0030723854000245,0.0030645705004443,0.0030735185640521,0.0030685191111973,302662,,,,,
1749737280000,2025-06-12 10:08:00,TSLA,0.0030674950130199,0.0030650401520259,0.0030688016114891,0.0030658858877272,200085,,,,,
1749737340000,2025-06-12 10:09:00,TSLA,0.0030662619200932,0.0030613806826878,0.0030673905708413,0.0030662619200932,280508,,,,,
1749737400000,2025-06-12 10:10:00,TSLA,0.0030661679033543,0.0030546476463939,0.003066826141626,0.0030580572162505,387922,,,,,
1749737460000,2025-06-12 10:11:00,TSLA,0.0030584771658682,0.0030557929736929,0.0030623172370793,0.0030618024831218,215625,,,,,
1749737520000,2025-06-12 10:12:00,TSLA,0.003061569072519,0.0030501818975974,0.0030627861982278,0.0030531088280641,308643,,,,,
1749737580000,2025-06-12 10:13:00,TSLA,0.0030531088280641,0.0030530724747503,0.0030580104583957,0.0030567485365816,182769,,,,,
1749737640000,2025-06-12 10:14:00,TSLA,0.003056350546292,0.0030545543405217,0.0030599755201958,0.0030565616737731,197096,,,,,
1749737700000,2025-06-12 10:15:00,TSLA,0.0030563281273877,0.0030465513039239,0.0030585716470408,0.0030519133512968,365744,,,,,
1749737760000,2025-06-12 10:16:00,TSLA,0.0030523083234311,0.0030517587438228,0.0030633500796471,0.003061661870063,297054,,,,,
1749737820000,2025-06-12 10:17:00,TSLA,0.0030614819041927,0.0030594110083115,0.0030647865222947,0.0030598865700048,216924,,,,,
1749737880000,2025-06-12 10:18:00,TSLA,0.0030601009955732,0.0030600691575629,0.0030698388334612,0.0030676785097463,260112,,,,,
1749737940000,2025-06-12 10:19:00,TSLA,0.0030679552078539,0.0030650401520259,0.0030688025532437,0.0030674837216307,153912,,,,,
1749738000000,2025-06-12 10:20:00,TSLA,0.0030669201987364,0.0030667396141796,0.0030789485513854,0.0030784860005849,323691,,,,,
1749738060000,2025-06-12 10:21:00,TSLA,0.0030785333866945,0.0030721966205837,0.0030798607902922,0.0030737868685365,290971,,,,,
1749738120000,2025-06-12 10:22:00,TSLA,0.0030735185640521,0.0030684258975145,0.003073801985676,0.0030691793014547,192360,,,,,
1749738180000,2025-06-12 10:23:00,TSLA,0.0030689042661451,0.0030664499708687,0.0030710644309317,0.0030677933239908,156861,,,,,
1749738240000,2025-06-12 10:24:00,TSLA,0.0030677669724207,0.0030653220120773,0.0030695561421818,0.0030660268890558,133633,,,,,
1749738300000,2025-06-12 10:25:00,TSLA,0.0030661208971469,0.0030656979061283,0.0030710634877883,0.0030699801986277,161214,,,,,
1749738360000,2025-06-12 10:26:00,TSLA,0.0030696032537794,0.0030686612965093,0.0030731407498463,0.0030710644309317,134239,,,,,
1749738420000,2025-06-12 10:27:00,TSLA,0.0030721022395625,0.0030665440049064,0.0030731407498463,0.0030670142616163,166911,,,,,
1749738480000,2025-06-12 10:28:00,TSLA,0.0030670142616163,0.0030633500796471,0.003068614213821,0.0030644296330345,183347,,,,,
1749738540000,2025-06-12 10:29:00,TSLA,0.0030645705004443,0.0030609121518212,0.0030669201987364,0.0030627955789158,160526,,,,,
1749738600000,2025-06-12 10:30:00,TSLA,0.0030625057421982,0.0030594297284174,0.0030648081261548,0.0030610058465211,173870,,,,,
1749738660000,2025-06-12 10:31:00,TSLA,0.0030607247796278,0.0030596946424746,0.0030726686126901,0.0030715360751912,248335,,,,,
1749738720000,2025-06-12 10:32:00,TSLA,0.0030706400749236,0.0030683317480285,0.0030728574501428,0.0030721418788851,148437,,,,,
1749738780000,2025-06-12 10:33:00,TSLA,0.0030716775967194,0.0030700273232431,0.0030749361950739,0.0030720078643401,153676,,,,,
1749738840000,2025-06-12 10:34:00,TSLA,0.0030716323084115,0.0030688967316249,0.0030733296453377,0.0030715360751912,99152,,,,,
1749738900000,2025-06-12 10:35:00,TSLA,0.003071866312378,0.0030693677102516,0.0030751253113564,0.0030732361391671,126715,,,,,
1749738960000,2025-06-12 10:36:00,TSLA,0.003073519508704,0.0030718200748971,0.0030768274585928,0.0030737878133534,141431,,,,,
1749739020000,2025-06-12 10:37:00,TSLA,0.0030736130321192,0.0030658868276931,0.0030740854595757,0.0030678140291135,205583,,,,,
1749739080000,2025-06-12 10:38:00,TSLA,0.0030681434663884,0.0030674846625766,0.0030733296453377,0.0030714889042463,108825,,,,,
1749739140000,2025-06-12 10:39:00,TSLA,0.0030714417347502,0.003071253071253,0.0030736130321192,0.0030721966205837,86331,,,,,
1749739200000,2025-06-12 10:40:00,TSLA,0.0030719134949159,0.0030662619200932,0.0030721494293482,0.00306823760432,184681,,,,,
1749739260000,2025-06-12 10:41:00,TSLA,0.0030684258975145,0.0030677763836438,0.0030784386159339,0.0030784386159339,210627,,,,,
1749739320000,2025-06-12 10:42:00,TSLA,0.0030783912327417,0.0030766513849392,0.0030802402587401,0.0030797659377887,200751,,,,,
1749739380000,2025-06-12 10:43:00,TSLA,0.0030795762503079,0.0030755045595892,0.0030805249214466,0.003080145382862,181633,,,,,
1749739440000,2025-06-12 10:44:00,TSLA,0.0030803351404632,0.0030763551344367,0.0030807147258163,0.0030774912291499,148746,,,,,
1749739500000,2025-06-12 10:45:00,TSLA,0.0030772762535515,0.0030762699611467,0.0030832793759442,0.0030774684990324,255535,,,,,
1749739560000,2025-06-12 10:46:00,TSLA,0.0030772071268117,0.0030733523143572,0.003078912528095,0.0030754563208316,202368,,,,,
1749739620000,2025-06-12 10:47:00,TSLA,0.0030754563208316,0.0030754563208316,0.0030829932534858,0.0030807147258163,183669,,,,,
1749739680000,2025-06-12 10:48:00,TSLA,0.0030812842792876,0.0030796710911274,0.0030874679675198,0.0030857530780386,281794,,,,,
1749739740000,2025-06-12 10:49:00,TSLA,0.0030854674483184,0.003081759068076,0.0030860378082836,0.0030835588956665,179321,,,,,
1749739800000,2025-06-12 10:50:00,TSLA,0.0030833972624365,0.0030788840892506,0.0030840400925212,0.0030809036043799,133643,,,,,
1749739860000,2025-06-12 10:51:00,TSLA,0.0030808096367725,0.0030794814153296,0.0030840400925212,0.0030818549931752,100723,,,,,
1749739920000,2025-06-12 10:52:00,TSLA,0.0030821390044691,0.0030782500394785,0.0030837547798199,0.0030782547772975,127038,,,,,
1749739980000,2025-06-12 10:53:00,TSLA,0.0030786281632904,0.0030737084507618,0.0030791021338177,0.0030755982038506,229787,,,,,
1749740040000,2025-06-12 10:54:00,TSLA,0.0030755036137167,0.0030716304214276,0.0030773018217626,0.0030732304723094,172793,,,,,
1749740100000,2025-06-12 10:55:00,TSLA,0.0030727280939836,0.0030694732292822,0.0030758820091661,0.0030752756753997,166786,,,,,
1749740160000,2025-06-12 10:56:00,TSLA,0.0030755036137167,0.0030721966205837,0.0030778701138811,0.0030729518775735,138479,,,,,
1749740220000,2025-06-12 10:57:00,TSLA,0.0030727630285152,0.0030696503668232,0.0030743689857656,0.0030724722463581,161242,,,,,
1749740280000,2025-06-12 10:58:00,TSLA,0.0030729509332705,0.0030688967316249,0.0030734241017918,0.0030715360751912,121804,,,,,
1749740340000,2025-06-12 10:59:00,TSLA,0.0030712059090001,0.003065415976948,0.0030732351946894,0.0030665440049064,212985,,,,,
1749740400000,2025-06-12 11:00:00,TSLA,0.0030666248787916,0.0030652280529671,0.0030700273232431,0.003069348868331,146126,,,,,
1749740460000,2025-06-12 11:01:00,TSLA,0.0030691793014547,0.003065415976948,0.0030714417347502,0.0030657251620312,145848,,,,,
1749740520000,2025-06-12 11:02:00,TSLA,0.003066685066777,0.0030589458872472,0.0030674846625766,0.0030613806826878,293496,,,,,
1749740580000,2025-06-12 11:03:00,TSLA,0.0030607247796278,0.0030600691575629,0.0030653220120773,0.0030632562413845,163965,,,,,
1749740640000,2025-06-12 11:04:00,TSLA,0.0030635358963691,0.0030633528948838,0.0030662619200932,0.0030656509143303,120478,,,,,
1749740700000,2025-06-12 11:05:00,TSLA,0.003065415976948,0.0030555810187307,0.0030660738923808,0.0030567018187375,251672,,,,,
1749740760000,2025-06-12 11:06:00,TSLA,0.0030568886986824,0.0030497102775236,0.0030598818885591,0.003052875809012,302363,,,,,
1749740820000,2025-06-12 11:07:00,TSLA,0.003052875809012,0.0030507569690729,0.003054646713307,0.0030529690123645,239693,,,,,
1749740880000,2025-06-12 11:08:00,TSLA,0.003053062221408,0.0030519440883843,0.0030557677616501,0.0030536215952119,139189,,,,,
1749740940000,2025-06-12 11:09:00,TSLA,0.0030529764688785,0.0030478512648582,0.0030553009471432,0.0030543677458766,285214,,,,,
1749741000000,2025-06-12 11:10:00,TSLA,0.0030538705824616,0.0030534351145038,0.0030586651985073,0.0030557901723343,219303,,,,,
1749741060000,2025-06-12 11:11:00,TSLA,0.0030561880166867,0.0030497102775236,0.0030578935700142,0.0030506303975184,217566,,,,,
1749741120000,2025-06-12 11:12:00,TSLA,0.0030506406345332,0.0030497102775236,0.0030543677458766,0.0030527360146531,166739,,,,,
1749741180000,2025-06-12 11:13:00,TSLA,0.0030526894193784,0.0030465513039239,0.0030545076897231,0.0030506406345332,228141,,,,,
1749741240000,2025-06-12 11:14:00,TSLA,0.0030498032876879,0.0030475726084173,0.0030511060259344,0.0030495307839459,149456,,,,,
1749741300000,2025-06-12 11:15:00,TSLA,0.0030495242742132,0.0030418260203273,0.0030496172730322,0.0030441400304414,328655,,,,,
1749741360000,2025-06-12 11:16:00,TSLA,0.0030444644025999,0.0030442327011476,0.0030548221436725,0.0030527052616122,268869,,,,,
1749741420000,2025-06-12 11:17:00,TSLA,0.0030520372348542,0.0030516646830846,0.0030589458872472,0.0030571849502122,228820,,,,,
1749741480000,2025-06-12 11:18:00,TSLA,0.0030576364470264,0.0030562347188264,0.003062787136294,0.0030609177733414,240104,,,,,
1749741540000,2025-06-12 11:19:00,TSLA,0.0030614744060739,0.0030576429914389,0.003062224399804,0.0030595074193054,127327,,,,,
1749741600000,2025-06-12 11:20:00,TSLA,0.0030595542229497,0.0030544824988843,0.0030608184628569,0.0030553476221757,150607,,,,,
1749741660000,2025-06-12 11:21:00,TSLA,0.0030554409765189,0.0030553942986342,0.0030613806826878,0.0030613806826878,144956,,,,,
1749741720000,2025-06-12 11:22:00,TSLA,0.0030610995469572,0.0030607247796278,0.0030677669724207,0.0030670998638514,270590,,,,,
1749741780000,2025-06-12 11:23:00,TSLA,0.003065372752392,0.003065372752392,0.0030740854595757,0.0030659798871719,256542,,,,,
1749741840000,2025-06-12 11:24:00,TSLA,0.0030662619200932,0.003064664419246,0.0030703101013202,0.0030688496417118,138555,,,,,
1749741900000,2025-06-12 11:25:00,TSLA,0.0030687554662206,0.0030664509111805,0.0030706740190885,0.0030666991736779,153217,,,,,
1749741960000,2025-06-12 11:26:00,TSLA,0.0030666389851387,0.003065603923973,0.0030695561421818,0.0030669201987364,116130,,,,,
1749742020000,2025-06-12 11:27:00,TSLA,0.0030666380447115,0.0030665440049064,0.0030734241017918,0.0030716823143283,133065,,,,,
1749742080000,2025-06-12 11:28:00,TSLA,0.003070875813782,0.0030664104782925,0.0030732351946894,0.0030672024046866,159633,,,,,
1749742140000,2025-06-12 11:29:00,TSLA,0.0030671271446886,0.0030618493570116,0.0030676719223044,0.003063725490196,238650,,,,,
1749742200000,2025-06-12 11:30:00,TSLA,0.003063725490196,0.0030612869650401,0.003065415976948,0.0030640071084964,129987,,,,,
1749742260000,2025-06-12 11:31:00,TSLA,0.0030639385766105,0.0030602976567912,0.0030641948827945,0.0030631624088709,133606,,,,,
1749742320000,2025-06-12 11:32:00,TSLA,0.0030631624088709,0.0030611070432399,0.0030678610872499,0.0030677688546607,163266,,,,,
1749742380000,2025-06-12 11:33:00,TSLA,0.0030673435271383,0.0030634533083764,0.003067850734336,0.0030652280529671,74961,,,,,
1749742440000,2025-06-12 11:34:00,TSLA,0.0030656490346884,0.0030624354017532,0.0030670142616163,0.0030638662928749,79506,,,,,
1749742500000,2025-06-12 11:35:00,TSLA,0.0030643019244428,0.0030581039755351,0.003064946210194,0.0030603969334822,142254,,,,,
1749742560000,2025-06-12 11:36:00,TSLA,0.0030603501040519,0.003057169061449,0.00306119325313,0.0030595074193054,126858,,,,,
1749742620000,2025-06-12 11:37:00,TSLA,0.0030590403973815,0.0030553942986342,0.0030605374303727,0.0030594138163127,130080,,,,,
1749742680000,2025-06-12 11:38:00,TSLA,0.0030594138163127,0.0030582957035532,0.0030613806826878,0.0030603501040519,70195,,,,,
1749742740000,2025-06-12 11:39:00,TSLA,0.0030600691575629,0.0030584781012967,0.0030614744060739,0.0030604531306905,70027,,,,,
1749742800000,2025-06-12 11:40:00,TSLA,0.0030602564494904,0.0030601628006609,0.003064946210194,0.0030633500796471,99212,,,,,
1749742860000,2025-06-12 11:41:00,TSLA,0.0030631624088709,0.0030610067834971,0.0030656480948683,0.0030613338231467,84430,,,,,
1749742920000,2025-06-12 11:42:00,TSLA,0.0030612129321552,0.0030610058465211,0.0030669521794682,0.0030660738923808,84440,,,,,
1749742980000,2025-06-12 11:43:00,TSLA,0.0030666239383731,0.0030652280529671,0.0030693677102516,0.00306790814683,135142,,,,,
1749743040000,2025-06-12 11:44:00,TSLA,0.0030685200527785,0.0030676738044278,0.0030717247734602,0.0030697172698302,113495,,,,,
1749743100000,2025-06-12 11:45:00,TSLA,0.0030696842891102,0.0030688967316249,0.0030721966205837,0.0030710408525209,79837,,,,,
1749743160000,2025-06-12 11:46:00,TSLA,0.0030708956174941,0.0030667320902845,0.0030717247734602,0.0030715068290347,107045,,,,,
1749743220000,2025-06-12 11:47:00,TSLA,0.0030715360751912,0.0030676728633658,0.0030729518775735,0.0030684371958411,91370,,,,,
1749743280000,2025-06-12 11:48:00,TSLA,0.0030684371958411,0.0030684258975145,0.0030716766531994,0.003070592931495,81126,,,,,
1749743340000,2025-06-12 11:49:00,TSLA,0.0030701875577579,0.0030698388334612,0.0030751565177788,0.0030743217277688,141881,,,,,
1749743400000,2025-06-12 11:50:00,TSLA,0.0030739909624665,0.0030732351946894,0.0030762604977389,0.0030755036137167,100021,,,,,
1749743460000,2025-06-12 11:51:00,TSLA,0.0030754090294009,0.0030719134949159,0.0030764497769573,0.0030733258672003,96105,,,,,
1749743520000,2025-06-12 11:52:00,TSLA,0.0030736130321192,0.0030700273232431,0.003074179017437,0.0030713474001044,92545,,,,,
1749743580000,2025-06-12 11:53:00,TSLA,0.0030711776123436,0.0030568999122058,0.0030736130321192,0.0030577299412915,323480,,,,,
1749743640000,2025-06-12 11:54:00,TSLA,0.0030574064754646,0.003052503052503,0.0030649931803901,0.0030547409579667,467143,,,,,
1749743700000,2025-06-12 11:55:00,TSLA,0.0030547409579667,0.0030516656143506,0.0030568886986824,0.0030556883931204,355469,,,,,
1749743760000,2025-06-12 11:56:00,TSLA,0.0030558359285019,0.003052613938052,0.0030558686123178,0.0030540878966496,177717,,,,,
1749743820000,2025-06-12 11:57:00,TSLA,0.0030544610403494,0.003054097224131,0.0030625057421982,0.0030613338231467,227771,,,,,
1749743880000,2025-06-12 11:58:00,TSLA,0.0030617546732327,0.0030577299412915,0.0030625057421982,0.0030621775144305,141923,,,,,
1749743940000,2025-06-12 11:59:00,TSLA,0.0030621306304926,0.0030599755201958,0.0030636316289329,0.0030604905966426,111123,,,,,
1749744000000,2025-06-12 12:00:00,TSLA,0.0030604905966426,0.0030386824272995,0.0030609974137632,0.0030415845438839,609555,,,,,
1749744060000,2025-06-12 12:01:00,TSLA,0.0030416687324666,0.0030202355783751,0.0030417325708723,0.0030228832260209,973870,,,,,
1749744120000,2025-06-12 12:02:00,TSLA,0.0030229746070133,0.0030069761847486,0.0030232487831423,0.0030216044719746,879734,,,,,
1749744180000,2025-06-12 12:03:00,TSLA,0.0030215588221963,0.0030192443616366,0.0030282658332879,0.0030265885806812,495201,,,,,
1749744240000,2025-06-12 12:04:00,TSLA,0.0030262689221247,0.0030234315948601,0.0030378516313263,0.0030316810671517,409192,,,,,
1749744300000,2025-06-12 12:05:00,TSLA,0.0030325084910237,0.0030284675953967,0.0030354541039339,0.0030339805825242,290508,,,,,
1749744360000,2025-06-12 12:06:00,TSLA,0.0030339805825242,0.0030245289296192,0.0030367446097783,0.0030275507114744,382714,,,,,
1749744420000,2025-06-12 12:07:00,TSLA,0.0030278550553673,0.0030216053849842,0.0030342567588069,0.0030326924243343,303055,,,,,
1749744480000,2025-06-12 12:08:00,TSLA,0.0030324165327349,0.0030312215822976,0.0030406227195329,0.0030397908623886,309664,,,,,
1749744540000,2025-06-12 12:09:00,TSLA,0.0030395146016761,0.0030362835888872,0.0030421027013871,0.0030372057706909,270158,,,,,
1749744600000,2025-06-12 12:10:00,TSLA,0.0030367446097783,0.003032784399357,0.003038313128551,0.003035960957542,217646,,,,,
1749744660000,2025-06-12 12:11:00,TSLA,0.0030360992197225,0.003030303030303,0.0030364679804451,0.0030331523552428,237350,,,,,
1749744720000,2025-06-12 12:12:00,TSLA,0.0030331983560064,0.0030311297020399,0.0030348018942019,0.0030344409042633,136321,,,,,
1749744780000,2025-06-12 12:13:00,TSLA,0.0030344409042633,0.0030281007751937,0.0030358227079538,0.0030307622367025,317651,,,,,
1749744840000,2025-06-12 12:14:00,TSLA,0.0030303489446809,0.0030293969652107,0.0030357305485565,0.0030309468768971,162062,,,,,
1749744900000,2025-06-12 12:15:00,TSLA,0.0030311756414725,0.0030309138053577,0.0030337964929312,0.0030326013745568,100393,,,,,
1749744960000,2025-06-12 12:16:00,TSLA,0.0030331523552428,0.003030303030303,0.0030393289161753,0.0030387562978224,220528,,,,,
1749745020000,2025-06-12 12:17:00,TSLA,0.0030384977667041,0.0030369290573372,0.0030439435872022,0.003038220817889,249201,,,,,
1749745080000,2025-06-12 12:18:00,TSLA,0.0030384977667041,0.0030377132094958,0.0030448815541075,0.0030439083783578,170899,,,,,
1749745140000,2025-06-12 12:19:00,TSLA,0.0030439083783578,0.0030404378230465,0.0030440019615548,0.0030421027013871,120936,,,,,
1749745200000,2025-06-12 12:20:00,TSLA,0.003041825095057,0.0030410859839692,0.0030470061640934,0.0030463192847242,133549,,,,,
1749745260000,2025-06-12 12:21:00,TSLA,0.0030464566358223,0.0030449872506383,0.0030497102775236,0.0030491988230092,219200,,,,,
1749745320000,2025-06-12 12:22:00,TSLA,0.0030490593651858,0.003048687540014,0.0030555091287918,0.0030548492065334,231560,,,,,
1749745380000,2025-06-12 12:23:00,TSLA,0.0030545543405217,0.0030539022916177,0.0030606311021332,0.0030581507362497,278526,,,,,
1749745440000,2025-06-12 12:24:00,TSLA,0.0030581507362497,0.0030574494756474,0.0030625048043044,0.0030585725825271,240072,,,,,
1749745500000,2025-06-12 12:25:00,TSLA,0.0030590862509368,0.0030541811740272,0.0030595102274837,0.0030560479188313,252832,,,,,
1749745560000,2025-06-12 12:26:00,TSLA,0.0030556743873372,0.0030552169356785,0.003061661870063,0.00305885231861,224367,,,,,
1749745620000,2025-06-12 12:27:00,TSLA,0.0030581049107354,0.0030560479188313,0.0030607247796278,0.0030580104583957,125324,,,,,
1749745680000,2025-06-12 12:28:00,TSLA,0.0030578421419572,0.0030567018187375,0.0030609121518212,0.0030594606170932,113434,,,,,
1749745740000,2025-06-12 12:29:00,TSLA,0.0030587587556969,0.0030568886986824,0.0030666380447115,0.0030640071084964,321426,,,,,
1749745800000,2025-06-12 12:30:00,TSLA,0.0030640540499134,0.0030620368669238,0.00307549510089,0.0030713474001044,390968,,,,,
1749745860000,2025-06-12 12:31:00,TSLA,0.0030713474001044,0.0030684268390386,0.0030816640986132,0.0030797659377887,378063,,,,,
1749745920000,2025-06-12 12:32:00,TSLA,0.0030808922140616,0.0030740977446267,0.0030824240182479,0.0030763551344367,247889,,,,,
1749745980000,2025-06-12 12:33:00,TSLA,0.0030763551344367,0.0030702073525939,0.003076923076923,0.0030713002349544,240442,,,,,
1749746040000,2025-06-12 12:34:00,TSLA,0.0030711587481956,0.003068614213821,0.0030720078643401,0.0030712059090001,134715,,,,,
1749746100000,2025-06-12 12:35:00,TSLA,0.0030718191312895,0.0030697587323124,0.0030755982038506,0.0030715360751912,192295,,,,,
1749746160000,2025-06-12 12:36:00,TSLA,0.0030710766918484,0.0030665440049064,0.0030725742026669,0.0030669201987364,177139,,,,,
1749746220000,2025-06-12 12:37:00,TSLA,0.0030670142616163,0.0030665440049064,0.0030736130321192,0.0030733296453377,218990,,,,,
1749746280000,2025-06-12 12:38:00,TSLA,0.0030725742026669,0.0030720078643401,0.0030785333866945,0.003076923076923,264000,,,,,
1749746340000,2025-06-12 12:39:00,TSLA,0.003076923076923,0.0030713530600197,0.0030779639022549,0.0030724325985098,193198,,,,,
1749746400000,2025-06-12 12:40:00,TSLA,0.0030725742026669,0.0030720078643401,0.0030777753839524,0.0030750307503075,134812,,,,,
1749746460000,2025-06-12 12:41:00,TSLA,0.0030750316958892,0.0030734241017918,0.0030763551344367,0.0030751253113564,85572,,,,,
1749746520000,2025-06-12 12:42:00,TSLA,0.0030753144509026,0.0030745580322828,0.003079101185731,0.003076535906712,136139,,,,,
1749746580000,2025-06-12 12:43:00,TSLA,0.0030756927998031,0.0030722910074042,0.003078912528095,0.0030746525642602,170858,,,,,
1749746640000,2025-06-12 12:44:00,TSLA,0.0030746525642602,0.0030711596913975,0.0030760712418099,0.0030725742026669,99421,,,,,
1749746700000,2025-06-12 12:45:00,TSLA,0.0030729046631328,0.0030670142616163,0.0030745580322828,0.0030688967316249,213335,,,,,
1749746760000,2025-06-12 12:46:00,TSLA,0.0030679552078539,0.0030675787600846,0.0030717247734602,0.0030707305943644,145131,,,,,
1749746820000,2025-06-12 12:47:00,TSLA,0.0030710644309317,0.003070786228752,0.0030782490919165,0.0030778701138811,218290,,,,,
1749746880000,2025-06-12 12:48:00,TSLA,0.0030780027455784,0.0030774050458979,0.0030875632950475,0.0030844890913958,399333,,,,,
1749746940000,2025-06-12 12:49:00,TSLA,0.003085086690936,0.0030829001087955,0.0030871810671829,0.0030835646006783,161146,,,,,
1749747000000,2025-06-12 12:50:00,TSLA,0.0030838498781879,0.0030837547798199,0.0030909990108803,0.0030908079371947,262011,,,,,
1749747060000,2025-06-12 12:51:00,TSLA,0.0030906168871306,0.0030857530780386,0.0030910945565824,0.0030867055591567,174762,,,,,
1749747120000,2025-06-12 12:52:00,TSLA,0.0030872658926273,0.0030854674483184,0.0030906092456193,0.0030862768698979,198145,,,,,
1749747180000,2025-06-12 12:53:00,TSLA,0.0030861339999382,0.0030833744449926,0.0030875632950475,0.0030861816217884,194212,,,,,
1749747240000,2025-06-12 12:54:00,TSLA,0.0030861816217884,0.0030841352084875,0.0030897574540398,0.0030885388338974,149442,,,,,
1749747300000,2025-06-12 12:55:00,TSLA,0.0030888984987953,0.0030857530780386,0.0030895550793521,0.0030879446640316,109459,,,,,
1749747360000,2025-06-12 12:56:00,TSLA,0.0030879446640316,0.0030852770578797,0.003088326127239,0.003086151143635,124120,,,,,
1749747420000,2025-06-12 12:57:00,TSLA,0.0030867951226167,0.0030856578622562,0.003088326127239,0.0030861339999382,105416,,,,,
1749747480000,2025-06-12 12:58:00,TSLA,0.0030858492519438,0.00308099947623,0.0030862282926275,0.0030818616416707,253036,,,,,
1749747540000,2025-06-12 12:59:00,TSLA,0.0030824050156894,0.0030819490245631,0.0030856578622562,0.0030850790767468,92702,,,,,
1749747600000,2025-06-12 13:00:00,TSLA,0.0030845633029503,0.0030830902059781,0.0030895655792734,0.0030870867162658,152998,,,,,
1749747660000,2025-06-12 13:01:00,TSLA,0.0030878969877564,0.0030836596873169,0.0030907124092103,0.0030836701472051,140669,,,,,
1749747720000,2025-06-12 13:02:00,TSLA,0.0030843254580223,0.003078912528095,0.0030849915162733,0.00308099947623,202942,,,,,
1749747780000,2025-06-12 13:03:00,TSLA,0.0030812368084549,0.0030799556486386,0.0030878493129535,0.0030855626523496,101580,,,,,
1749747840000,2025-06-12 13:04:00,TSLA,0.0030858959127308,0.0030833744449926,0.003090330356315,0.0030864197530864,120997,,,,,
1749747900000,2025-06-12 13:05:00,TSLA,0.0030863244961575,0.0030835646006783,0.003088803088803,0.0030871820202519,119139,,,,,
1749747960000,2025-06-12 13:06:00,TSLA,0.0030874679675198,0.0030841361596768,0.0030882307526018,0.0030853627306694,86699,,,,,
1749748020000,2025-06-12 13:07:00,TSLA,0.0030850391028706,0.0030832812772677,0.0030864197530864,0.0030846108763379,91435,,,,,
1749748080000,2025-06-12 13:08:00,TSLA,0.0030844681605774,0.0030797659377887,0.0030844681605774,0.003080145382862,181951,,,,,
1749748140000,2025-06-12 13:09:00,TSLA,0.0030805989423687,0.0030763551344367,0.0030810934554185,0.0030771541001847,161218,,,,,
1749748200000,2025-06-12 13:10:00,TSLA,0.0030773965225419,0.0030727639727027,0.0030783438510081,0.0030732351946894,190976,,,,,
1749748260000,2025-06-12 13:11:00,TSLA,0.0030732380281244,0.0030716304214276,0.0030750307503075,0.0030743689857656,191367,,,,,
1749748320000,2025-06-12 13:12:00,TSLA,0.0030743689857656,0.0030721966205837,0.0030761658668635,0.0030746667445582,133042,,,,,
1749748380000,2025-06-12 13:13:00,TSLA,0.0030747234670581,0.0030742102046563,0.0030780595912336,0.0030769221301778,107418,,,,,
1749748440000,2025-06-12 13:14:00,TSLA,0.0030766390794695,0.0030728574501428,0.0030777744366826,0.0030740665596891,113994,,,,,
1749748500000,2025-06-12 13:15:00,TSLA,0.0030735185640521,0.0030710644309317,0.0030755982038506,0.0030750430429149,146700,,,,,
1749748560000,2025-06-12 13:16:00,TSLA,0.0030750307503075,0.0030742744712247,0.0030773491714237,0.0030747471020508,99194,,,,,
1749748620000,2025-06-12 13:17:00,TSLA,0.0030752671638348,0.0030724797984453,0.0030757874015748,0.0030747660103066,78248,,,,,
1749748680000,2025-06-12 13:18:00,TSLA,0.0030746052975449,0.0030725742026669,0.0030759766225776,0.0030736130321192,89635,,,,,
1749748740000,2025-06-12 13:19:00,TSLA,0.0030736130321192,0.0030736130321192,0.0030786281632904,0.0030775859415874,111075,,,,,
1749748800000,2025-06-12 13:20:00,TSLA,0.0030772071268117,0.0030743765471799,0.0030809045535769,0.0030796701426903,136890,,,,,
1749748860000,2025-06-12 13:21:00,TSLA,0.0030794814153296,0.0030761658668635,0.0030799670320328,0.0030787703391265,66111,,,,,
1749748920000,2025-06-12 13:22:00,TSLA,0.0030783485891158,0.003076923076923,0.0030800505128284,0.003079386586192,53382,,,,,
1749748980000,2025-06-12 13:23:00,TSLA,0.0030794340000307,0.0030770177543924,0.0030802393099524,0.0030792443534356,56199,,,,,
1749749040000,2025-06-12 13:24:00,TSLA,0.0030788812453951,0.0030783447986285,0.0030821390044691,0.0030791609163336,103802,,,,,
1749749100000,2025-06-12 13:25:00,TSLA,0.0030797659377887,0.0030778720085392,0.0030814741772463,0.0030797659377887,75736,,,,,
1749749160000,2025-06-12 13:26:00,TSLA,0.0030795762503079,0.003076923076923,0.0030799556486386,0.0030785333866945,68880,,,,,
1749749220000,2025-06-12 13:27:00,TSLA,0.0030786281632904,0.0030762604977389,0.0030788177339901,0.0030767602453039,69796,,,,,
1749749280000,2025-06-12 13:28:00,TSLA,0.0030770991816762,0.0030740854595757,0.0030795762503079,0.0030752198782212,93629,,,,,
1749749340000,2025-06-12 13:29:00,TSLA,0.0030754090294009,0.0030743689857656,0.0030772071268117,0.0030760513712883,60387,,,,,
1749749400000,2025-06-12 13:30:00,TSLA,0.003076118553609,0.0030733296453377,0.0030763551344367,0.0030740845145759,118053,,,,,
1749749460000,2025-06-12 13:31:00,TSLA,0.0030735185640521,0.0030728574501428,0.0030763551344367,0.0030731879715422,75312,,,,,
1749749520000,2025-06-12 13:32:00,TSLA,0.0030731879715422,0.0030726686126901,0.0030754090294009,0.0030748889196377,55506,,,,,
1749749580000,2025-06-12 13:33:00,TSLA,0.0030750307503075,0.0030737075059937,0.0030760712418099,0.0030753144509026,42679,,,,,
1749749640000,2025-06-12 13:34:00,TSLA,0.0030753863300307,0.0030728517846815,0.0030763541880409,0.0030731879715422,42107,,,,,
1749749700000,2025-06-12 13:35:00,TSLA,0.0030728423422925,0.0030716304214276,0.0030746516189116,0.0030736130321192,84819,,,,,
1749749760000,2025-06-12 13:36:00,TSLA,0.0030736130321192,0.0030706872197997,0.0030740845145759,0.0030727630285152,76794,,,,,
1749749820000,2025-06-12 13:37:00,TSLA,0.0030729046631328,0.0030703101013202,0.0030746525642602,0.0030713474001044,62862,,,,,
1749749880000,2025-06-12 13:38:00,TSLA,0.0030707815138952,0.0030698388334612,0.0030727630285152,0.0030715360751912,62401,,,,,
1749749940000,2025-06-12 13:39:00,TSLA,0.0030709701194607,0.0030696503668232,0.0030723769044512,0.0030716304214276,84213,,,,,
1749750000000,2025-06-12 13:40:00,TSLA,0.0030716775967194,0.0030712540145129,0.0030742744712247,0.003072960376327,83370,,,,,
1749750060000,2025-06-12 13:41:00,TSLA,0.0030731879715422,0.0030729518775735,0.0030771597815216,0.0030750884318555,84850,,,,,
1749750120000,2025-06-12 13:42:00,TSLA,0.0030752671638348,0.0030750316958892,0.0030849915162733,0.0030828041186263,154594,,,,,
1749750180000,2025-06-12 13:43:00,TSLA,0.0030828991583685,0.00308099947623,0.003085086690936,0.003083992536738,95170,,,,,
1749750240000,2025-06-12 13:44:00,TSLA,0.0030842541116962,0.0030835646006783,0.003088803088803,0.0030875632950475,195158,,,,,
1749750300000,2025-06-12 13:45:00,TSLA,0.0030870781391957,0.0030845157310302,0.0030878493129535,0.0030871829733214,130540,,,,,
1749750360000,2025-06-12 13:46:00,TSLA,0.0030876109610189,0.0030861663826364,0.0030938679537157,0.0030920503385795,229039,,,,,
1749750420000,2025-06-12 13:47:00,TSLA,0.0030932937391734,0.0030917644978247,0.0031024096105203,0.0030975997938237,396943,,,,,
1749750480000,2025-06-12 13:48:00,TSLA,0.0030978934324659,0.0030975614138013,0.0031070374398011,0.0031037586517272,346249,,,,,
1749750540000,2025-06-12 13:49:00,TSLA,0.0031037586517272,0.0030979894048762,0.0031051079024996,0.0030980853832331,210423,,,,,
1749750600000,2025-06-12 13:50:00,TSLA,0.003098277357789,0.0030932937391734,0.003098752597142,0.0030954960532425,212112,,,,,
1749750660000,2025-06-12 13:51:00,TSLA,0.0030957835428146,0.0030935808197989,0.0030971249079766,0.0030954960532425,110393,,,,,
1749750720000,2025-06-12 13:52:00,TSLA,0.0030957325670189,0.0030947296753628,0.0030997092782667,0.003099524811851,106454,,,,,
1749750780000,2025-06-12 13:53:00,TSLA,0.0030989494561343,0.0030961669453216,0.0030995200083315,0.0030964066201173,111797,,,,,
1749750840000,2025-06-12 13:54:00,TSLA,0.0030964066201173,0.0030962033734993,0.0031020256227316,0.0031002070628297,130084,,,,,
1749750900000,2025-06-12 13:55:00,TSLA,0.0031006309784041,0.0031003771918891,0.0031030835030461,0.0031014050915767,116880,,,,,
1749750960000,2025-06-12 13:56:00,TSLA,0.0031013040983733,0.0031007751937984,0.0031051079024996,0.0031012569704626,139572,,,,,
1749751020000,2025-06-12 13:57:00,TSLA,0.0031016407679662,0.003099526733263,0.0031022180859314,0.003100582909587,129647,,,,,
1749751080000,2025-06-12 13:58:00,TSLA,0.0031007751937984,0.0030966261947945,0.0031007751937984,0.0030993336432666,155481,,,,,
1749751140000,2025-06-12 13:59:00,TSLA,0.0030993336432666,0.0030944423814828,0.0031003906492218,0.0030970299482796,167894,,,,,
1749751200000,2025-06-12 14:00:00,TSLA,0.0030974136595942,0.0030960710857921,0.0030994297049342,0.0030970299482796,79497,,,,,
1749751260000,2025-06-12 14:01:00,TSLA,0.003096934035305,0.0030954002352504,0.0030989494561343,0.0030967729148808,101176,,,,,
1749751320000,2025-06-12 14:02:00,TSLA,0.0030964545595293,0.0030963653934102,0.0030997832631542,0.0030994297049342,66514,,,,,
1749751380000,2025-06-12 14:03:00,TSLA,0.0030998140111593,0.0030995257725567,0.0031031807602792,0.0031013762357045,126147,,,,,
1749751440000,2025-06-12 14:04:00,TSLA,0.0031017369727047,0.0030974040656525,0.0031018331834113,0.0030985653642363,83878,,,,,
1749751500000,2025-06-12 14:05:00,TSLA,0.0030986133705166,0.0030978934324659,0.0031002945279801,0.0030992856146658,55429,,,,,
1749751560000,2025-06-12 14:06:00,TSLA,0.0030992375875534,0.003096934035305,0.0031004867764238,0.0030985173594435,90956,,,,,
1749751620000,2025-06-12 14:07:00,TSLA,0.0030985173594435,0.0030957835428146,0.0030992375875534,0.003097317722852,101288,,,,,
1749751680000,2025-06-12 14:08:00,TSLA,0.0030970289891204,0.0030970289891204,0.0030990454939878,0.0030976957480408,57133,,,,,
1749751740000,2025-06-12 14:09:00,TSLA,0.0030975096022797,0.003097317722852,0.0030992289428313,0.003098541361654,48743,,,,,
1749751800000,2025-06-12 14:10:00,TSLA,0.003098853424233,0.0030960710857921,0.0030997179256687,0.0030972419370274,72011,,,,,
1749751860000,2025-06-12 14:11:00,TSLA,0.0030968822447689,0.0030954002352504,0.0030981813675372,0.0030975096022797,128521,,,,,
1749751920000,2025-06-12 14:12:00,TSLA,0.0030969484218725,0.003092337188447,0.0030970779069947,0.0030941551409387,158598,,,,,
1749751980000,2025-06-12 14:13:00,TSLA,0.0030944423814828,0.0030930421089845,0.003098277357789,0.0030973656904802,123753,,,,,
1749752040000,2025-06-12 14:14:00,TSLA,0.0030977015054829,0.0030959752321981,0.0031017369727047,0.0031006790487116,103652,,,,,
1749752100000,2025-06-12 14:15:00,TSLA,0.0031017369727047,0.0030974587519161,0.0031017369727047,0.0030988054105142,97002,,,,,
1749752160000,2025-06-12 14:16:00,TSLA,0.0030988054105142,0.0030970328257606,0.0031042403923759,0.0031036623215394,126839,,,,,
1749752220000,2025-06-12 14:17:00,TSLA,0.0031036141586877,0.0031030006947618,0.0031120654778576,0.0031092835433395,328187,,,,,
1749752280000,2025-06-12 14:18:00,TSLA,0.0031093560523615,0.0031063068279419,0.0031113876789047,0.0031082919593771,181449,,,,,
1749752340000,2025-06-12 14:19:00,TSLA,0.0031081538063694,0.0031049150805725,0.0031082851963565,0.0031055900621118,107319,,,,,
1749752400000,2025-06-12 14:20:00,TSLA,0.0031057829678862,0.0031054802515585,0.0031101287251178,0.0031096461222712,120697,,,,,
1749752460000,2025-06-12 14:21:00,TSLA,0.0031096461222712,0.003108787672289,0.0031173041553664,0.0031159442869161,312454,,,,,
1749752520000,2025-06-12 14:22:00,TSLA,0.0031156608067318,0.003115458907097,0.0031202221598177,0.0031182762169072,246036,,,,,
1749752580000,2025-06-12 14:23:00,TSLA,0.0031183734564051,0.0031166240728043,0.0031233407252397,0.0031230480949406,222590,,,,,
1749752640000,2025-06-12 14:24:00,TSLA,0.0031230480949406,0.0031213908917813,0.0031300863903843,0.0031257325935766,512480,,,,,
1749752700000,2025-06-12 14:25:00,TSLA,0.0031259964113561,0.0031238285642883,0.0031327339369067,0.0031275411271658,311174,,,,,
1749752760000,2025-06-12 14:26:00,TSLA,0.0031274482055484,0.003122853038536,0.0031299884190428,0.0031244629829248,264977,,,,,
1749752820000,2025-06-12 14:27:00,TSLA,0.0031244629829248,0.0031240491175498,0.0031338138514572,0.0031298414735293,234265,,,,,
1749752880000,2025-06-12 14:28:00,TSLA,0.0031292048690427,0.0031263687633241,0.0031302823514681,0.0031283727769,156208,,,,,
1749752940000,2025-06-12 14:29:00,TSLA,0.0031287153494775,0.0031263687633241,0.003130576339104,0.0031283238440843,154033,,,,,
1749753000000,2025-06-12 14:30:00,TSLA,0.0031279324366593,0.0031213908917813,0.0031291059737449,0.0031239544514945,246578,,,,,
1749753060000,2025-06-12 14:31:00,TSLA,0.0031239593310478,0.0031233407252397,0.003127247709291,0.0031261058599479,154661,,,,,
1749753120000,2025-06-12 14:32:00,TSLA,0.0031264655307175,0.0031245196051107,0.0031304783370899,0.003126123450615,156060,,,,,
1749753180000,2025-06-12 14:33:00,TSLA,0.003126123450615,0.0031210986267166,0.0031263677859063,0.0031247617369175,170839,,,,,
1749753240000,2025-06-12 14:34:00,TSLA,0.0031241213408728,0.0031230656512122,0.0031269533686824,0.0031241213408728,111437,,,,,
1749753300000,2025-06-12 14:35:00,TSLA,0.0031241213408728,0.0031196381219778,0.0031248037232661,0.0031207577199744,218580,,,,,
1749753360000,2025-06-12 14:36:00,TSLA,0.0031207577199744,0.0031188597448772,0.0031226580064951,0.0031206116398814,145440,,,,,
1749753420000,2025-06-12 14:37:00,TSLA,0.0031204168876961,0.0031200274562416,0.0031236334103829,0.0031215857655689,112081,,,,,
1749753480000,2025-06-12 14:38:00,TSLA,0.0031217319368785,0.0031207090250905,0.003124609423822,0.0031207090250905,105474,,,,,
1749753540000,2025-06-12 14:39:00,TSLA,0.0031205162082732,0.0031205152345114,0.0031236334103829,0.0031214064807889,90432,,,,,
1749753600000,2025-06-12 14:40:00,TSLA,0.0031212934640114,0.0031174985191882,0.0031218771472661,0.0031191515907673,173943,,,,,
1749753660000,2025-06-12 14:41:00,TSLA,0.0031191515907673,0.0031188227816281,0.0031288014938149,0.0031273455091318,215158,,,,,
1749753720000,2025-06-12 14:42:00,TSLA,0.0031274433150899,0.0031265632816408,0.0031317204764098,0.0031295965949989,198825,,,,,
1749753780000,2025-06-12 14:43:00,TSLA,0.0031299394356719,0.0031294007197621,0.0031358775753394,0.0031354351200087,317705,,,,,
1749753840000,2025-06-12 14:44:00,TSLA,0.0031349937723348,0.0031334210691232,0.0031371564813652,0.0031366644710015,253838,,,,,
1749753900000,2025-06-12 14:45:00,TSLA,0.0031368907766,0.0031309350788087,0.0031370580669448,0.0031336665465427,208755,,,,,
1749753960000,2025-06-12 14:46:00,TSLA,0.0031339120624275,0.0031339120624275,0.0031377470975839,0.0031373041145743,186616,,,,,
1749754020000,2025-06-12 14:47:00,TSLA,0.0031373041145743,0.0031327339369067,0.0031379440190786,0.0031329793066716,193002,,,,,
1749754080000,2025-06-12 14:48:00,TSLA,0.0031327378625204,0.0031323424063719,0.0031345014575431,0.0031335683509596,91622,,,,,
1749754140000,2025-06-12 14:49:00,TSLA,0.0031334210691232,0.0031314586334314,0.0031373523444335,0.0031352021437258,148521,,,,,
1749754200000,2025-06-12 14:50:00,TSLA,0.0031355825912454,0.0031290090428361,0.0031369547384485,0.0031297435175187,157389,,,,,
1749754260000,2025-06-12 14:51:00,TSLA,0.0031298904538341,0.0031295965949989,0.0031339032231881,0.0031314586334314,125700,,,,,
1749754320000,2025-06-12 14:52:00,TSLA,0.0031315566968339,0.0031309684085287,0.0031344032096288,0.003134206732276,99779,,,,,
1749754380000,2025-06-12 14:53:00,TSLA,0.0031338138514572,0.0031309684085287,0.003135674030379,0.0031317528420657,144909,,,,,
1749754440000,2025-06-12 14:54:00,TSLA,0.0031316547663785,0.0031312625250501,0.0031357792411414,0.0031338354573425,129411,,,,,
1749754500000,2025-06-12 14:55:00,TSLA,0.003133933669667,0.0031308703819661,0.0031353859660124,0.0031321422631544,187319,,,,,
1749754560000,2025-06-12 14:56:00,TSLA,0.0031315566968339,0.0031295975744366,0.0031341085028363,0.0031313605761703,143443,,,,,
1749754620000,2025-06-12 14:57:00,TSLA,0.0031312135017926,0.0031294986543155,0.0031327339369067,0.0031304783370899,133544,,,,,
1749754680000,2025-06-12 14:58:00,TSLA,0.0031303803412114,0.0031299884190428,0.0031329302296437,0.0031321942586879,99013,,,,,
1749754740000,2025-06-12 14:59:00,TSLA,0.003131850923896,0.0031299884190428,0.003134206732276,0.0031307723615415,116953,,,,,
1749754800000,2025-06-12 15:00:00,TSLA,0.0031307723615415,0.0031274433150899,0.0031354832924205,0.0031336763664395,224406,,,,,
1749754860000,2025-06-12 15:01:00,TSLA,0.0031335192554758,0.00313194901187,0.0031354773936783,0.0031336174479819,140951,,,,,
1749754920000,2025-06-12 15:02:00,TSLA,0.0031335192554758,0.0031324395439168,0.0031400131880553,0.0031367628607277,207911,,,,,
1749754980000,2025-06-12 15:03:00,TSLA,0.0031364677100649,0.0031304783370899,0.0031376486461046,0.0031338030486262,182834,,,,,
1749755040000,2025-06-12 15:04:00,TSLA,0.0031335192554758,0.0031309772312204,0.0031343049678733,0.0031329292481189,102283,,,,,
1749755100000,2025-06-12 15:05:00,TSLA,0.0031324444500132,0.0031319558782583,0.0031355825912454,0.0031348453737519,81964,,,,,
1749755160000,2025-06-12 15:06:00,TSLA,0.0031353859660124,0.0031330283852371,0.0031363693388533,0.0031351500482813,90103,,,,,
1749755220000,2025-06-12 15:07:00,TSLA,0.0031349927895165,0.0031349927895165,0.0031441597233139,0.0031440608690184,336243,,,,,
1749755280000,2025-06-12 15:08:00,TSLA,0.0031438631790744,0.0031410991145555,0.0031476235442241,0.0031446540880503,352986,,,,,
1749755340000,2025-06-12 15:09:00,TSLA,0.0031443584392536,0.0031423812965465,0.0031456432840515,0.0031455393892306,149585,,,,,
1749755400000,2025-06-12 15:10:00,TSLA,0.0031452475309806,0.0031446540880503,0.0031513184328493,0.0031508348767172,273293,,,,,
1749755460000,2025-06-12 15:11:00,TSLA,0.0031506978795803,0.0031493087267344,0.0031559679353657,0.0031519306371014,392332,,,,,
1749755520000,2025-06-12 15:12:00,TSLA,0.0031513094951476,0.0031486146095717,0.003155767749379,0.0031508735954587,295481,,,,,
1749755580000,2025-06-12 15:13:00,TSLA,0.0031513839775444,0.0031491103763186,0.0031552688888594,0.0031499039279301,209039,,,,,
1749755640000,2025-06-12 15:14:00,TSLA,0.0031504001008128,0.0031488128975376,0.0031528833117886,0.0031492095484033,170980,,,,,
1749755700000,2025-06-12 15:15:00,TSLA,0.0031495071021385,0.0031444088637112,0.0031504993541476,0.0031451565218594,271864,,,,,
1749755760000,2025-06-12 15:16:00,TSLA,0.0031455443364474,0.0031378465398495,0.0031459391745244,0.0031399638904152,331892,,,,,
1749755820000,2025-06-12 15:17:00,TSLA,0.0031403090064062,0.0031347962382445,0.0031404076249097,0.0031357792411414,270866,,,,,
1749755880000,2025-06-12 15:18:00,TSLA,0.0031355825912454,0.0031335192554758,0.0031379440190786,0.0031369596586987,219178,,,,,
1749755940000,2025-06-12 15:19:00,TSLA,0.0031367628607277,0.0031308703819661,0.0031369596586987,0.0031324395439168,255788,,,,,
1749756000000,2025-06-12 15:20:00,TSLA,0.0031322923681696,0.003125587024313,0.0031347313817331,0.0031286164851182,280999,,,,,
1749756060000,2025-06-12 15:21:00,TSLA,0.0031283238440843,0.0031267636901439,0.003130576339104,0.0031286174639426,220089,,,,,
1749756120000,2025-06-12 15:22:00,TSLA,0.0031285195845325,0.0031276878567518,0.0031345997116168,0.003134016172777,202665,,,,,
1749756180000,2025-06-12 15:23:00,TSLA,0.0031343049678733,0.0031313615567125,0.0031371564813652,0.0031328566169847,242182,,,,,
1749756240000,2025-06-12 15:24:00,TSLA,0.0031327339369067,0.0031298904538341,0.0031331265469812,0.0031314586334314,120278,,,,,
1749756300000,2025-06-12 15:25:00,TSLA,0.0031313605761703,0.0031303803412114,0.0031344032096288,0.0031320961553519,165189,,,,,
1749756360000,2025-06-12 15:26:00,TSLA,0.003131899967115,0.0031294007197621,0.0031341694043636,0.0031305273373299,137608,,,,,
1749756420000,2025-06-12 15:27:00,TSLA,0.003130576339104,0.0031262700472066,0.0031309684085287,0.0031282983996251,234658,,,,,
1749756480000,2025-06-12 15:28:00,TSLA,0.0031282719769709,0.0031277377479475,0.0031307723615415,0.0031293037705919,125500,,,,,
1749756540000,2025-06-12 15:29:00,TSLA,0.0031293086668706,0.0031284217112466,0.0031313605761703,0.0031298904538341,132951,,,,,
1749756600000,2025-06-12 15:30:00,TSLA,0.0031303803412114,0.0031289111389236,0.0031357792411414,0.0031345997116168,217751,,,,,
1749756660000,2025-06-12 15:31:00,TSLA,0.0031344032096288,0.0031308703819661,0.0031371564813652,0.0031308782238653,203830,,,,,
1749756720000,2025-06-12 15:32:00,TSLA,0.0031312625250501,0.0031270521279589,0.0031322433126605,0.0031310664412298,231914,,,,,
1749756780000,2025-06-12 15:33:00,TSLA,0.0031308703819661,0.0031292048690427,0.0031332247148765,0.0031293517547839,116814,,,,,
1749756840000,2025-06-12 15:34:00,TSLA,0.0031295965949989,0.0031289111389236,0.0031341772627976,0.0031340102795537,114150,,,,,
1749756900000,2025-06-12 15:35:00,TSLA,0.0031337647482803,0.0031311644800701,0.0031346979718504,0.0031323414252153,87919,,,,,
1749756960000,2025-06-12 15:36:00,TSLA,0.0031322923681696,0.0031320520108556,0.0031367244880003,0.0031350910743957,121897,,,,,
1749757020000,2025-06-12 15:37:00,TSLA,0.0031352827476363,0.0031350556911292,0.0031410981279055,0.0031389211151456,203847,,,,,
1749757080000,2025-06-12 15:38:00,TSLA,0.0031386334390006,0.0031364431166835,0.0031397933325232,0.0031378455552417,132276,,,,,
1749757140000,2025-06-12 15:39:00,TSLA,0.0031378032176916,0.003133627267571,0.0031391970185162,0.0031346979718504,127699,,,,,
1749757200000,2025-06-12 15:40:00,TSLA,0.0031348945107997,0.0031347471042773,0.0031381321021813,0.0031357792411414,126543,,,,,
1749757260000,2025-06-12 15:41:00,TSLA,0.0031355825912454,0.0031322433126605,0.0031360732787426,0.0031333228889237,189440,,,,,
1749757320000,2025-06-12 15:42:00,TSLA,0.0031334210691232,0.003131850923896,0.0031359759157049,0.003132427769348,113108,,,,,
1749757380000,2025-06-12 15:43:00,TSLA,0.003131850923896,0.0031287153494775,0.0031347962382445,0.0031299394356719,202849,,,,,
1749757440000,2025-06-12 15:44:00,TSLA,0.0031299394356719,0.0031296152044217,0.0031330283852371,0.0031316547663785,139198,,,,,
1749757500000,2025-06-12 15:45:00,TSLA,0.003131850923896,0.0031310311487502,0.0031337156466422,0.0031327339369067,103767,,,,,
1749757560000,2025-06-12 15:46:00,TSLA,0.0031328320802005,0.003131850923896,0.0031371564813652,0.0031366644710015,144680,,,,,
1749757620000,2025-06-12 15:47:00,TSLA,0.0031368120579055,0.0031333228889237,0.0031372549019607,0.0031337647482803,157188,,,,,
1749757680000,2025-06-12 15:48:00,TSLA,0.0031334279419676,0.0031313605761703,0.0031350910743957,0.0031328320802005,226428,,,,,
1749757740000,2025-06-12 15:49:00,TSLA,0.0031328320802005,0.0031306743472543,0.0031330774653403,0.0031311154598825,199298,,,,,
1749757800000,2025-06-12 15:50:00,TSLA,0.0031316547663785,0.0031289111389236,0.0031328320802005,0.0031314586334314,216963,,,,,
1749757860000,2025-06-12 15:51:00,TSLA,0.0031311644800701,0.0031295965949989,0.0031330774653403,0.0031296592802534,151054,,,,,
1749757920000,2025-06-12 15:52:00,TSLA,0.0031299884190428,0.0031283238440843,0.0031321452062517,0.0031307723615415,211300,,,,,
1749757980000,2025-06-12 15:53:00,TSLA,0.0031303627026049,0.0031298904538341,0.0031316498627554,0.0031313595956287,86530,,,,,
1749758040000,2025-06-12 15:54:00,TSLA,0.0031313605761703,0.0031313605761703,0.0031387319522912,0.0031358775753394,245650,,,,,
1749758100000,2025-06-12 15:55:00,TSLA,0.0031354842755463,0.0031310664412298,0.0031362709738121,0.0031330283852371,200235,,,,,
1749758160000,2025-06-12 15:56:00,TSLA,0.0031331265469812,0.0031325386500449,0.0031355471968835,0.0031339120624275,175817,,,,,
1749758220000,2025-06-12 15:57:00,TSLA,0.0031341085028363,0.0031317528420657,0.0031344032096288,0.00313194901187,200169,,,,,
1749758280000,2025-06-12 15:58:00,TSLA,0.0031320471059884,0.0031310664412298,0.0031330283852371,0.0031325386500449,219092,,,,,
1749758340000,2025-06-12 15:59:00,TSLA,0.0031329302296437,0.0031314586334314,0.0031343049678733,0.0031330774653403,407019,0.10921908044326462,0.0031327892118977714,0.0031325565829936706,-2.566502729723155e-07,-3.8815077574707226e-07
